_id,SL No,Year,Month,State Name,Constituency Name,Candidate Name,Sex,Party,Constituency Type,Total Electors,Valid Votes,Candidate Votes,Turnout %,Candidate Vote Share %,Winning Margin %
1,1,2019,4,Andaman & Nicobar Islands,ANDAMAN & NICOBAR ISLANDS,KULDEEP RAI SHARMA,M,INC,GEN,317878,207296,95308,65.21,45.98,0.68
2,2,2019,4,Andhra Pradesh,ARUKU,GODDETI. MADHAVI,F,YSRCP,ST,1449334,1066978,557561,73.62,52.26,20.75
3,3,2019,4,Andhra Pradesh,SRIKAKULAM,KINJARAPU RAM MOHAN NAIDU,M,TDP,GEN,1540170,1157329,534544,75.14,46.19,0.57
4,4,2019,4,Andhra Pradesh,VIZIANAGARAM,BELLANA CHANDRA SEKHAR,M,YSRCP,GEN,1499300,1217890,578418,81.23,47.49,3.94
5,5,2019,4,Andhra Pradesh,VISAKHAPATNAM,M V V SATYANARAYANA,M,YSRCP,GEN,1825769,1239754,436906,67.9,35.24,0.36
6,6,2019,4,Andhra Pradesh,ANAKAPALLI,DR.BEESETTI VENKATA SATYAVATHI,F,YSRCP,GEN,1517497,1238491,586226,81.61,47.33,7.2
7,7,2019,4,Andhra Pradesh,KAKINADA,VANGA GEETHAVISWANATH,F,YSRCP,GEN,1563226,1234655,537630,78.98,43.54,2.08
8,8,2019,4,Andhra Pradesh,AMALAPURAM,CHINTA ANURADHA,F,YSRCP,SC,1458788,1230903,485313,84.38,39.43,3.25
9,9,2019,4,Andhra Pradesh,RAJAHMUNDRY,MARGANI BHARAT,M,YSRCP,GEN,1436010,1250427,582024,87.08,46.55,9.73
10,10,2019,4,Andhra Pradesh,NARSAPURAM,KANUMURU RAGHU RAMA KRISHNA RAJU,M,YSRCP,GEN,1438922,1174441,447594,81.62,38.11,2.72
11,11,2019,4,Andhra Pradesh,ELURU,KOTAGIRI SRIDHAR,M,YSRCP,GEN,1594366,1327923,676809,83.29,50.97,12.5
12,12,2019,4,Andhra Pradesh,MACHILIPATNAM,BALASHOWRY VALLABHANENI,M,YSRCP,GEN,1472844,1241605,571436,84.3,46.02,4.84
13,13,2019,4,Andhra Pradesh,VIJAYAWADA,KESINENI SRINIVAS (NANI),M,TDP,GEN,1652662,1277711,575498,77.31,45.04,0.68
14,14,2019,4,Andhra Pradesh,GUNTUR,JAYADEV GALLA,M,TDP,GEN,1704431,1351474,587918,79.29,43.5,0.31
15,15,2019,4,Andhra Pradesh,NARASARAOPET,LAVU SRI KRISHNA DEVARAYALU,M,YSRCP,GEN,1669308,1437675,745089,86.12,51.83,10.71
16,16,2019,4,Andhra Pradesh,BAPATLA,NANDIGAM SURESH,M,YSRCP,SC,1464192,1266492,598257,86.5,47.24,1.27
17,17,2019,4,Andhra Pradesh,ONGOLE,MAGUNTA SREENIVASULU REDDY,M,YSRCP,GEN,1550067,1342368,739202,86.6,55.07,16.01
18,18,2019,4,Andhra Pradesh,NANDYAL,POCHA . BRAHMANANDA REDDY,M,YSRCP,GEN,1600459,1299093,720888,81.17,55.49,19.25
19,19,2019,4,Andhra Pradesh,KURNOOL,AYUSHMAN DOCTOR SANJEEV KUMAR,M,YSRCP,GEN,1571954,1182011,602554,75.19,50.98,12.6
20,20,2019,4,Andhra Pradesh,ANANTAPUR,TALARI RANGAIAH,M,YSRCP,GEN,1662747,1342306,695208,80.73,51.79,10.54
21,21,2019,4,Andhra Pradesh,HINDUPUR,KURUVA GORANTLA MADHAV,M,YSRCP,GEN,1576770,1338514,706602,84.89,52.79,10.52
22,22,2019,4,Andhra Pradesh,KADAPA,YEDUGURI SANDINTI AVINASH REDDY,M,YSRCP,GEN,1568388,1228592,783799,78.33,63.8,31.01
23,23,2019,4,Andhra Pradesh,NELLORE,ADALA PRABHAKARA REDDY,M,YSRCP,GEN,1672306,1287036,683830,76.96,53.13,11.54
24,24,2019,4,Andhra Pradesh,TIRUPATI,BALLI DURGA PRASAD RAO,M,YSRCP,SC,1650003,1313515,722877,79.61,55.03,17.39
25,25,2019,4,Andhra Pradesh,RAJAMPET,P.V.MIDHUN REDDY,M,YSRCP,GEN,1545389,1224354,702211,79.23,57.35,21.91
26,26,2019,4,Andhra Pradesh,CHITTOOR,N. REDDEPPA,M,YSRCP,SC,1563175,1319472,686792,84.41,52.05,10.4
27,27,2019,4,Arunachal Pradesh,ARUNACHAL WEST,KIREN RIJIJU,M,BJP,GEN,461214,314593,200314,68.21,63.67,49.08
28,28,2019,4,Arunachal Pradesh,ARUNACHAL EAST,TAPIR GAO,M,BJP,GEN,337034,293781,153883,87.17,52.38,23.81
29,29,2019,4,Assam,KARIMGANJ,KRIPANATH MALLAH,M,BJP,SC,1338005,1060072,473046,79.23,44.62,3.62
30,30,2019,4,Assam,SILCHAR,RAJDEEP ROY,M,BJP,GEN,1191289,949696,499414,79.72,52.59,8.59
31,31,2019,4,Assam,AUTONOMOUS DISTRICT,HOREN SING BEY,M,BJP,ST,795085,617735,381316,77.69,61.73,38.79
32,32,2019,4,Assam,DHUBRI,BADRUDDIN AJMAL,M,AIUDF,GEN,1856168,1685005,718764,90.78,42.66,13.43
33,33,2019,4,Assam,KOKRAJHAR,NABA KUMAR SARANIA,M,IND,ST,1765423,1479485,484560,83.8,32.75,2.55
34,34,2019,4,Assam,BARPETA,ABDUL KHALEQUE,M,INC,GEN,1676854,1458549,645173,86.98,44.23,9.62
35,35,2019,4,Assam,GAUHATI,QUEEN OJA,F,BJP,GEN,2178617,1763757,1008936,80.96,57.2,19.59
36,36,2019,4,Assam,MANGALDOI,DILIP SAIKIA,M,BJP,GEN,1795529,1506107,735469,83.88,48.83,9.2
37,37,2019,4,Assam,TEZPUR,PALLAB LOCHAN DAS,M,BJP,GEN,1494878,1190196,684166,79.62,57.48,20.4
38,38,2019,4,Assam,NOWGONG,PRADYUT BORDOLOI,M,INC,GEN,1790683,1493475,739724,83.4,49.53,1.12
39,39,2019,4,Assam,KALIABOR,GAURAV GOGOI,M,INC,GEN,1731610,1424687,786092,82.28,55.18,14.74
40,40,2019,4,Assam,JORHAT,TOPON KUMAR GOGOI,M,BJP,GEN,1360328,1057965,543288,77.77,51.35,7.81
41,41,2019,4,Assam,DIBRUGARH,RAMESWAR TELI,M,BJP,GEN,1312195,1015748,659583,77.41,64.94,35.89
42,42,2019,4,Assam,LAKHIMPUR,PRADAN BARUAH,M,BJP,GEN,1704447,1283589,776406,75.31,60.49,27.31
43,43,2019,4,Bihar,VALMIKI NAGAR,BAIDYANATH PRASAD MAHTO,M,JD(U),GEN,1664048,1032090,602660,62.02,58.39,34.36
44,44,2019,4,Bihar,PASCHIM CHAMPARAN,DR. SANJAY JAISWAL,M,BJP,GEN,1631130,1012936,603706,62.1,59.6,29.02
45,45,2019,4,Bihar,PURVI CHAMPARAN,RADHA MOHAN SINGH,M,BJP,GEN,1656444,999400,577787,60.33,57.81,29.38
46,46,2019,4,Bihar,SHEOHAR,RAMA DEVI,F,BJP,GEN,1684794,1004559,608678,59.63,60.59,33.88
47,47,2019,4,Bihar,SITAMARHI,SUNIL KUMAR PINTU,M,JD(U),GEN,1750771,1038849,567745,59.34,54.65,24.12
48,48,2019,4,Bihar,MADHUBANI,ASHOK KUMAR YADAV,M,BJP,GEN,1791166,963708,595843,53.8,61.83,47.21
49,49,2019,4,Bihar,JHANJHARPUR,RAMPRIT MANDAL,M,JD(U),GEN,1850672,1060562,602391,57.31,56.8,30.45
50,50,2019,4,Bihar,SUPAUL,DILESHWAR KAMAIT,M,JD(U),GEN,1688969,1110805,597377,65.77,53.78,24.02
51,51,2019,4,Bihar,ARARIA,PRADEEP KUMAR SINGH,M,BJP,GEN,1804954,1169630,618434,64.8,52.87,11.73
52,52,2019,4,Bihar,KISHANGANJ,DR. MOHAMMAD JAWED,M,INC,GEN,1659461,1101603,367017,66.38,33.32,3.13
53,53,2019,4,Bihar,KATIHAR,DULAL CHANDRA GOSWAMI,M,JD(U),GEN,1652061,1117734,559423,67.66,50.05,5.12
54,54,2019,4,Bihar,PURNIA,SANTOSH KUMAR,M,JD(U),GEN,1763991,1153940,632924,65.42,54.85,22.83
55,55,2019,4,Bihar,MADHEPURA,DINESH CHANDRA YADAV,M,JD(U),GEN,1883603,1147274,624334,60.91,54.42,26.28
56,56,2019,4,Bihar,DARBHANGA,GOPAL JEE THAKUR,M,BJP,GEN,1651258,964996,586668,58.44,60.79,27.77
57,57,2019,4,Bihar,MUZAFFARPUR,AJAY NISHAD,M,BJP,GEN,1727779,1058086,666878,61.24,63.03,38.75
58,58,2019,4,Bihar,VAISHALI,VEENA DEVI (W/O DINESH PRASAD SINGH),F,LJP,GEN,1733506,1074730,568215,62,52.87,21.83
59,59,2019,4,Bihar,GOPALGANJ (SC),DR. ALOK KUMAR SUMAN,M,JD(U),SC,1837357,1024876,568150,55.78,55.44,27.95
60,60,2019,4,Bihar,SIWAN,KAVITA SINGH,F,JD(U),GEN,1794383,984810,448473,54.88,45.54,11.88
61,61,2019,4,Bihar,MAHARAJGANJ,JANARDAN SINGH 'SIGRIWAL,M,BJP,GEN,1800914,972703,546352,54.01,56.17,23.72
62,62,2019,4,Bihar,SARAN,RAJIV PRATAP RUDY,M,BJP,GEN,1661922,941656,499342,56.66,53.03,14.7
63,63,2019,4,Bihar,HAJIPUR (SC),PASHU PATI KUMAR PARAS,M,LJP,SC,1818209,1006817,541310,55.37,53.76,20.41
64,64,2019,4,Bihar,UJIARPUR,NITYANAND RAI,M,BJP,GEN,1609580,969284,543906,60.22,56.11,28.61
65,65,2019,4,Bihar,SAMASTIPUR (SC),RAMCHANDRA PASWAN,M,LJP,SC,1668879,1019025,562443,61.06,55.19,24.69
66,66,2019,4,Bihar,BEGUSARAI,GIRIRAJ SINGH,M,BJP,GEN,1954481,1225594,692193,62.71,56.48,34.45
67,67,2019,4,Bihar,KHAGARIA,CHOUDHARY MEHBOOB ALI KAISER,M,LJP,GEN,1673314,966813,510193,57.78,52.77,25.71
68,68,2019,4,Bihar,BHAGALPUR,AJAY KUMAR MANDAL,M,JD(U),GEN,1819243,1042518,618254,57.31,59.3,26.63
69,69,2019,4,Bihar,BANKA,GIRIDHARI YADAV,M,JD(U),GEN,1696533,995806,477788,58.7,47.98,20.14
70,70,2019,4,Bihar,MUNGER,RAJIV RANJAN SINGH ALIAS LALAN SINGH,M,JD(U),GEN,1879880,1036268,528762,55.12,51.03,16.21
71,71,2019,4,Bihar,NALANDA,KAUSHLENDRA KUMAR,M,JD(U),GEN,2102410,1031286,540888,49.05,52.45,24.84
72,72,2019,4,Bihar,PATNA SAHIB,RAVI SHANKAR PRASAD,M,BJP,GEN,4587998,982285,607506,21.41,61.85,28.98
73,73,2019,4,Bihar,PATALIPUTRA,RAM KRIPAL YADAV,M,BJP,GEN,1736074,1077749,509557,62.08,47.28,3.65
74,74,2019,4,Bihar,ARRAH,R. K. SINGH,M,BJP,GEN,1832332,1080684,566480,58.98,52.42,13.63
75,75,2019,4,Bihar,BUXAR,ASHWINI KUMAR CHOUBEY,M,BJP,GEN,1242791,986861,473053,79.41,47.94,11.92
76,76,2019,4,Bihar,SASARAM (SC),CHHEDI PASWAN,M,BJP,SC,1607747,974749,494800,60.63,50.76,17
77,77,2019,4,Bihar,KARAKAT,MAHABALI SINGH,M,JD(U),GEN,1569989,868798,398408,55.34,45.86,9.73
78,78,2019,4,Bihar,JAHANABAD,CHANDESHWAR PRASAD,M,JD(U),GEN,1423246,822065,335584,57.76,40.82,0.21
79,79,2019,4,Bihar,AURANGABAD,SUSHIL KUMAR SINGH,M,BJP,GEN,1739260,941595,431541,54.14,45.83,7.71
80,80,2019,4,Bihar,GAYA (SC),VIJAY KUMAR,M,JD(U),SC,1700641,957248,467007,56.29,48.79,15.92
81,81,2019,4,Bihar,NAWADA,CHANDAN SINGH,M,LJP,GEN,1896272,942462,495684,49.7,52.59,15.71
82,82,2019,4,Bihar,JAMUI (SC),CHIRAG KUMAR PASWAN,M,LJP,SC,1715848,949137,529134,55.32,55.75,25.4
83,83,2019,4,Chandigarh,CHANDIGARH,KIRRON KHER,F,BJP,GEN,615214,456568,231188,74.21,50.64,10.29
84,84,2019,4,Chhattisgarh,SARGUJA,RENUKA SINGH SARUTA,F,BJP,ST,1653822,1280689,663711,77.44,51.82,12.33
85,85,2019,4,Chhattisgarh,RAIGARH,GOMATI SAI,F,BJP,ST,1731655,1350124,658335,77.97,48.76,4.89
86,86,2019,4,Chhattisgarh,JANJGIR-CHAMPA,GUHARAM AJGALLEY,M,BJP,SC,1895232,1247650,572790,65.83,45.91,6.67
87,87,2019,4,Chhattisgarh,KORBA,JYOTSNA CHARANDAS MAHANT,F,INC,GEN,1507779,1137003,523410,75.41,46.03,2.32
88,88,2019,4,Chhattisgarh,BILASPUR,ARUN SAO,M,BJP,GEN,1875904,1209434,634559,64.47,52.47,11.72
89,89,2019,4,Chhattisgarh,RAJNANDGAON,SANTOSH PANDEY,M,BJP,GEN,1715492,1307033,662387,76.19,50.68,8.57
90,90,2019,4,Chhattisgarh,DURG,VIJAY BAGHEL,M,BJP,GEN,1938319,1391996,849374,71.81,61.02,28.16
91,91,2019,4,Chhattisgarh,RAIPUR,SUNIL KUMAR SONI,M,BJP,GEN,2111104,1396250,837902,66.14,60.01,24.94
92,92,2019,4,Chhattisgarh,MAHASAMUND,CHUNNI LAL SAHU,M,BJP,GEN,1637002,1222335,616580,74.67,50.44,7.4
93,93,2019,4,Chhattisgarh,BASTAR,DEEPAK BAIJ,M,INC,ST,1377946,912846,402527,66.25,44.1,4.27
94,94,2019,4,Chhattisgarh,KANKER,MOHAN MANDAVI,M,BJP,ST,1554995,1159193,546233,74.55,47.12,0.6
95,95,2019,4,Dadra & Nagar Haveli,DADAR & NAGAR HAVELI,DELKAR MOHANBHAI SANJIBHAI,M,IND,ST,250021,198983,90421,79.59,45.44,4.52
96,96,2019,4,Daman & Diu,DAMAN & DIU,LALUBHAI BABUBHAI PATEL,M,BJP,GEN,121729,87469,37597,71.86,42.98,11.37
97,97,2019,4,Delhi,CHANDNI CHOWK,HARSH VARDHAN,M,BJP,GEN,1561828,980390,519055,62.77,52.94,23.27
98,98,2019,4,Delhi,NORTH EAST DELHI,MANOJ TIWARI,M,BJP,GEN,2289493,1461475,787799,63.83,53.9,25.05
99,99,2019,4,Delhi,EAST DELHI,GAUTAM GAMBHIR,M,BJP,GEN,2038270,1257821,696156,61.71,55.35,31.1
100,100,2019,4,Delhi,NEW DELHI,MEENAKASHI LEKHI,F,BJP,GEN,1615994,920541,504206,56.96,54.77,27.86
101,101,2019,4,Delhi,NORTH WEST DELHI,HANS RAJ HANS,M,BJP,SC,2377604,1402962,848663,59.01,60.49,39.48
102,102,2019,4,Delhi,WEST DELHI,PARVESH SAHIB SINGH VERMA,M,BJP,GEN,2367509,1441601,865648,60.89,60.05,40.13
103,103,2019,4,Delhi,SOUTH DELHI,RAMESH BIDHURI,M,BJP,GEN,2065755,1214222,687014,58.78,56.58,30.23
104,104,2019,4,Goa,NORTH GOA,SHRIPAD YESSO NAIK,M,BJP,GEN,556627,428628,244844,77,57.12,18.72
105,105,2019,4,Goa,SOUTH GOA,COSME FRANCISCO CAITANO SARDINHA,M,INC,GEN,579185,424575,201561,73.31,47.47,2.3
106,106,2019,4,Gujarat,KACHCHH,CHAVDA VINOD LAKHAMSHI,M,BJP,SC,1743825,1023198,637034,58.68,62.26,29.86
107,107,2019,4,Gujarat,BANASKANTHA,PARBATBHAI SAVABHAI PATEL,M,BJP,GEN,1696113,1102081,679108,64.98,61.62,33.42
108,108,2019,4,Gujarat,PATAN,DABHI BHARATSINHJI SHANKARJI,M,BJP,GEN,1805223,1126256,633368,62.39,56.24,17.21
109,109,2019,4,Gujarat,MAHESANA,SHARDABEN ANILBHAI PATEL,F,BJP,GEN,1647470,1081938,659525,65.67,60.96,26.02
110,110,2019,4,Gujarat,SABARKANTHA,RATHOD DIPSINH SHANKARSINH,M,BJP,GEN,1797211,1218354,701984,67.79,57.62,22.08
111,111,2019,4,Gujarat,GANDHINAGAR,AMIT SHAH,M,BJP,GEN,1945149,1284090,894624,66.01,69.67,43.38
112,112,2019,4,Gujarat,AHMEDABAD EAST,PATEL HASMUKHBHAI SOMABHAI,M,BJP,GEN,1809841,1116367,749834,61.68,67.17,38.91
113,113,2019,4,Gujarat,AHMEDABAD WEST,DR. KIRIT P. SOLANKI,M,BJP,SC,1642720,997024,641622,60.69,64.35,32.25
114,114,2019,4,Gujarat,SURENDRANAGAR,DR. MUNJAPARA MAHENDRABHAI,M,BJP,GEN,1847878,1077726,631844,58.32,58.63,25.74
115,115,2019,4,Gujarat,RAJKOT,KUNDARIA MOHANBHAI KALYANJIBHAI,M,BJP,GEN,1883866,1195271,758645,63.45,63.47,30.82
116,116,2019,4,Gujarat,PORBANDAR,RAMESHBHAI LAVJIBHAI DHADUK,M,BJP,GEN,1660932,949947,563881,57.19,59.36,24.19
117,117,2019,4,Gujarat,JAMNAGAR,POONAMBEN HEMATBHAI MAADAM,F,BJP,GEN,1656006,1010965,591588,61.05,58.52,23.42
118,118,2019,4,Gujarat,JUNAGADH,CHUDASAMA RAJESHBHAI NARANBHAI,M,BJP,GEN,1641528,1005224,547952,61.24,54.51,14.94
119,119,2019,4,Gujarat,AMRELI,KACHHADIYA NARANBHAI BHIKHABHAI,M,BJP,GEN,1627980,909167,529035,55.85,58.19,22.16
120,120,2019,4,Gujarat,BHAVNAGAR,DR.BHARATIBEN DHIRUBHAI SHIYAL,F,BJP,GEN,1767040,1041279,661273,58.93,63.51,31.65
121,121,2019,4,Gujarat,ANAND,PATEL MITESH RAMESHBHAI (BAKABHAI),M,BJP,GEN,1655342,1108661,633097,66.97,57.1,17.83
122,122,2019,4,Gujarat,KHEDA,CHAUHAN DEVUSINH,M,BJP,GEN,1803133,1098633,714572,60.93,65.04,33.42
123,123,2019,4,Gujarat,PANCHMAHAL,RATANSINH MAGANSINH RATHOD,M,BJP,GEN,1743233,1083676,732136,62.16,67.56,39.55
124,124,2019,4,Gujarat,DAHOD,JASHVANTSINH SUMANBHAI BHABHOR,M,BJP,ST,1597870,1063212,561760,66.54,52.84,12
125,125,2019,4,Gujarat,VADODARA,RANJANBEN BHATT,F,BJP,GEN,1794383,1222348,883719,68.12,72.3,48.2
126,126,2019,4,Gujarat,CHHOTA UDAIPUR,RATHVA GITABEN VAJESINGBHAI,F,BJP,ST,1670552,1232459,764445,73.78,62.03,30.67
127,127,2019,4,Gujarat,BHARUCH,MANSUKHBHAI DHANJIBHAI VASAVA,M,BJP,GEN,1564205,1149725,637795,73.5,55.47,29.07
128,128,2019,4,Gujarat,BARDOLI,PARBHUBHAI NAGARBHAI VASAVA,M,BJP,ST,1826189,1348038,742273,73.82,55.06,15.98
129,129,2019,4,Gujarat,SURAT,DARSHANA VIKRAM JARDOSH,F,BJP,GEN,1655658,1068412,795651,64.53,74.47,51.31
130,130,2019,4,Gujarat,NAVSARI,C. R. PATIL,M,BJP,GEN,1971465,1308018,972739,66.35,74.37,52.73
131,131,2019,4,Gujarat,VALSAD,DR.K.C.PATEL,M,BJP,ST,1670868,1260377,771980,75.43,61.25,28.07
132,132,2019,4,Haryana,AMBALA,RATTAN LAL KATARIA,M,BJP,SC,1846738,1316235,746508,71.27,56.72,26.01
133,133,2019,4,Haryana,KURUKSHETRA,NAYAB SINGH,M,BJP,GEN,1651648,1230202,688629,74.48,55.98,31.26
134,134,2019,4,Haryana,SIRSA,SUNITA DUGGAL,F,BJP,SC,1799949,1369486,714351,76.08,52.16,22.63
135,135,2019,4,Haryana,HISAR,BRIJENDRA SINGH,M,BJP,GEN,1623419,1179869,603289,72.68,51.13,26.62
136,136,2019,4,Haryana,KARNAL,SANJAY BHATIA,M,BJP,GEN,1898935,1300722,911594,68.5,70.08,50.44
137,137,2019,4,Haryana,SONIPAT,RAMESH CHANDER KAUSHIK,M,BJP,GEN,1582821,1129532,587664,71.36,52.03,14.6
138,138,2019,4,Haryana,ROHTAK,ARVIND KUMAR SHARMA,M,BJP,GEN,1714418,1220571,573845,71.19,47.01,0.61
139,139,2019,4,Haryana,BHIWANI-MAHENDRAGARH,DHARAMBIR SINGH S/O BHALE RAM,M,BJP,GEN,1627334,1161115,736699,71.35,63.45,38.28
140,140,2019,4,Haryana,GURGAON,RAO INDERJIT SINGH,M,BJP,GEN,2139990,1446509,881546,67.59,60.94,26.7
141,141,2019,4,Haryana,FARIDABAD,KRISHAN PAL,M,BJP,GEN,2065776,1327295,913222,64.25,68.8,48.09
142,142,2019,4,Himachal Pradesh,KANGRA,KISHAN KAPOOR,M,BJP,GEN,1427338,1006989,725218,70.55,72.02,47.43
143,143,2019,4,Himachal Pradesh,MANDI,RAM SWAROOP SHARMA,M,BJP,GEN,1281462,941371,647189,73.46,68.75,43.07
144,144,2019,4,Himachal Pradesh,HAMIRPUR,ANURAG SINGH THAKUR,M,BJP,GEN,1362269,988765,682692,72.58,69.04,40.41
145,145,2019,4,Himachal Pradesh,SHIMLA,SURESH KUMAR KASHYAP,M,BJP,SC,1259085,913608,606183,72.56,66.35,35.85
146,146,2019,4,Jammu & Kashmir,BARAMULLA,MOHAMMAD AKBAR LONE,M,JKN,GEN,1312158,453018,133376,34.52,29.44,6.79
147,147,2019,4,Jammu & Kashmir,SRINAGAR,FAROOQ ABDULLAH,M,JKN,GEN,1293957,186832,106750,14.44,57.14,37.49
148,148,2019,4,Jammu & Kashmir,ANANTNAG,HASNAIN MASOODI,M,JKN,GEN,527497,124896,40180,23.68,32.17,5.35
149,149,2019,4,Jammu & Kashmir,LADAKH,JAMYANG TSERING NAMGYAL,M,BJP,GEN,173815,126426,42914,72.74,33.94,8.65
150,150,2019,4,Jammu & Kashmir,UDHAMPUR,DR. JITENDRA SINGH,M,BJP,GEN,1665511,1180123,724311,70.86,61.38,30.27
151,151,2019,4,Jammu & Kashmir,JAMMU,JUGAL KISHORE,M,BJP,GEN,2005780,1478795,858066,73.73,58.02,20.48
152,152,2019,4,Jharkhand,RAJMAHAL,VIJAY KUMAR HANSDAK,M,JMM,ST,1353172,1047657,507830,77.42,48.47,9.47
153,153,2019,4,Jharkhand,DUMKA,SUNIL SOREN,M,BJP,ST,1247155,1025968,484923,82.26,47.26,4.64
154,154,2019,4,Jharkhand,GODDA,NISHIKANT DUBEY,M,BJP,GEN,1590628,1194036,637610,75.07,53.4,15.43
155,155,2019,4,Jharkhand,CHATRA,SUNIL KUMAR SINGH,M,BJP,GEN,1422805,925937,528077,65.08,57.03,40.81
156,156,2019,4,Jharkhand,KODARMA,ANNPURNA DEVI,F,BJP,GEN,1812085,1209541,753016,66.75,62.26,37.67
157,157,2019,4,Jharkhand,GIRIDIH,CHANDRA PRAKASH CHOUDHARY,M,AJSU Party,GEN,1647715,1106918,648277,67.18,58.57,22.44
158,158,2019,4,Jharkhand,DHANBAD,PASHUPATI NATH SINGH,M,BJP,GEN,2068233,1252817,827234,60.57,66.03,38.81
159,159,2019,4,Jharkhand,RANCHI,SANJAY SETH,M,BJP,GEN,1910955,1235441,706828,64.65,57.21,22.91
160,160,2019,4,Jharkhand,JAMSHEDPUR,BIDYUT BARAN MAHATO,M,BJP,GEN,1701342,1144226,679632,67.25,59.4,26.4
161,161,2019,4,Jharkhand,SINGHBHUM,GEETA KORA,F,INC,ST,1268111,879329,431815,69.34,49.11,8.21
162,162,2019,4,Jharkhand,KHUNTI,ARJUN MUNDA,M,BJP,ST,1199512,832377,382638,69.39,45.97,0.17
163,163,2019,4,Jharkhand,LOHARDAGA,SUDARSHAN BHAGAT,M,BJP,ST,1227606,817550,371595,66.6,45.45,1.27
164,164,2019,4,Jharkhand,PALAMAU,VISHNU DAYAL RAM,M,BJP,SC,1877054,1209747,755659,64.45,62.46,39.48
165,165,2019,4,Jharkhand,HAZARIBAGH,JAYANT SINHA,M,BJP,GEN,1664476,1080929,728798,64.94,67.42,44.36
166,166,2019,4,Karnataka,CHIKKODI,ANNASAHEB SHANKAR JOLLE,M,BJP,GEN,1604483,1217549,645017,75.88,52.98,9.76
167,167,2019,4,Karnataka,BELGAUM,ANGADI SURESH CHANNABASAPPA,M,BJP,GEN,1771829,1205229,761991,68.02,63.22,32.47
168,168,2019,4,Karnataka,BAGALKOT,GADDIGOUDAR PARVATAGOUDA CHANDANAGOUDA,M,BJP,GEN,1700547,1204613,664638,70.84,55.17,13.96
169,169,2019,4,Karnataka,BIJAPUR,JIGAJINAGI RAMESH CHANDAPPA,M,BJP,SC,1795931,1111354,635867,61.88,57.22,23.22
170,170,2019,4,Karnataka,GULBARGA,DR. UMESH G JADHAV,M,BJP,SC,1945291,1189361,620192,61.14,52.14,8.03
171,171,2019,4,Karnataka,RAICHUR,RAJA AMARESHWARA NAIK,M,BJP,ST,1927758,1124385,598337,58.33,53.21,10.47
172,172,2019,4,Karnataka,BIDAR,BHAGWANTH KHUBA,M,BJP,GEN,1773912,1117167,585471,62.98,52.41,10.46
173,173,2019,4,Karnataka,KOPPAL,KARADI SANGANNA AMARAPPA,M,BJP,GEN,1736118,1190347,586783,68.56,49.3,3.23
174,174,2019,4,Karnataka,BELLARY,Y. DEVENDRAPPA,M,BJP,ST,1751297,1221926,616388,69.77,50.44,4.56
175,175,2019,4,Karnataka,HAVERI,UDASI. S.C.,M,BJP,GEN,1706909,1266679,683660,74.21,53.97,11.12
176,176,2019,4,Karnataka,DHARWAD,PRALHAD JOSHI,M,BJP,GEN,1725355,1213505,684837,70.33,56.43,16.9
177,177,2019,4,Karnataka,UTTARA KANNADA,ANANTKUMAR HEGDE,M,BJP,GEN,1552483,1153480,786042,74.3,68.15,41.58
178,178,2019,4,Karnataka,DAVANAGERE,G M SIDDESHWAR,M,BJP,GEN,1632466,1194586,652996,73.18,54.66,14.21
179,179,2019,4,Karnataka,SHIMOGA,B.Y.RAGHAVENDRA.,M,BJP,GEN,1675975,1283577,729872,76.59,56.86,17.4
180,180,2019,4,Karnataka,UDUPI CHIKMAGALUR,SHOBHA KARANDLAJE,F,BJP,GEN,1513231,1151012,718916,76.06,62.46,30.37
181,181,2019,4,Karnataka,HASSAN,PRAJWAL REVANNA,M,JD(S),GEN,1650816,1277552,676606,77.39,52.96,11.06
182,182,2019,4,Karnataka,DAKSHINA KANNADA,NALIN KUMAR KATEEL,M,BJP,GEN,1724458,1345039,774285,78,57.57,20.42
183,183,2019,4,Karnataka,CHITRADURGA,A NARAYANASWAMY,M,BJP,SC,1760111,1245950,626195,70.79,50.26,6.44
184,184,2019,4,Karnataka,TUMKUR,G. S. BASAVARAJ,M,BJP,GEN,1607991,1244858,596127,77.42,47.89,1.07
185,185,2019,4,Karnataka,MANDYA,SUMALATHA AMBAREESH,F,IND,GEN,1711307,1384993,703660,80.93,50.81,9.09
186,186,2019,4,Karnataka,MYSORE,PRATHAP SIMHA,M,BJP,GEN,1894379,1318041,688974,69.58,52.27,10.52
187,187,2019,4,Karnataka,CHAMARAJANAGAR,V. SRINIVAS PRASAD,M,BJP,SC,1686023,1270658,568537,75.36,44.74,0.14
188,188,2019,4,Karnataka,BANGALORE RURAL,D.K. SURESH,M,INC,GEN,2497141,1621906,878258,64.95,54.15,12.75
189,189,2019,4,Karnataka,BANGALORE NORTH,D.V. SADANANDA GOWDA,M,BJP,GEN,2848607,1559459,824500,54.74,52.87,9.46
190,190,2019,4,Karnataka,BANGALORE CENTRAL,P. C. MOHAN,M,BJP,GEN,2204431,1197234,602853,54.31,50.35,5.93
191,191,2019,4,Karnataka,BANGALORE SOUTH,TEJASVI SURYA,M,BJP,GEN,2215395,1188491,739229,53.65,62.2,27.87
192,192,2019,4,Karnataka,CHIKKBALLAPUR,B.N.BACHE GOWDA,M,BJP,GEN,1808391,1386963,745912,76.7,53.78,13.13
193,193,2019,4,Karnataka,KOLAR,S. MUNISWAMY,M,BJP,SC,1628782,1258551,709165,77.27,56.35,16.69
194,194,2019,4,Kerala,KASARAGOD,RAJMOHAN UNNITHAN,M,INC,GEN,1360827,1100051,474961,80.84,43.18,3.68
195,195,2019,4,Kerala,KANNUR,K. SUDHAKARAN,M,INC,GEN,1262144,1053842,529741,83.5,50.27,8.97
196,196,2019,4,Kerala,VADAKARA,K. MURALEEDHARAN,M,INC,GEN,1286250,1065619,526755,82.85,49.43,7.94
197,197,2019,4,Kerala,WAYANAD,RAHUL GANDHI,M,INC,GEN,1357819,1092197,706367,80.44,64.67,39.53
198,198,2019,4,Kerala,KOZHIKODE,M.K.RAGHAVAN,M,INC,GEN,1315355,1076193,493444,81.82,45.85,7.92
199,199,2019,4,Kerala,MALAPPURAM,P.K. KUNHALIKUTTY,M,IUML,GEN,1369878,1034618,589873,75.53,57.01,25.14
200,200,2019,4,Kerala,PONNANI,E. T. MOHAMMED BASHEER,M,IUML,GEN,1356408,1017265,521824,75,51.3,19
201,201,2019,4,Kerala,PALAKKAD,V K SREEKANDAN,M,INC,GEN,1320680,1028249,399274,77.86,38.83,1.13
202,202,2019,4,Kerala,ALATHUR,RAMYA HARIDAS,F,INC,SC,1264471,1018743,533815,80.57,52.4,15.6
203,203,2019,4,Kerala,THRISSUR,T. N. PRATHAPAN,M,INC,GEN,1336399,1041869,415089,77.96,39.84,8.99
204,204,2019,4,Kerala,CHALAKUDY,BENNY BEHANAN,M,INC,GEN,1229476,990224,473444,80.54,47.81,13.36
205,205,2019,4,Kerala,ERNAKULAM,HIBI EDEN,M,INC,GEN,1245334,967203,491263,77.67,50.79,17.49
206,206,2019,4,Kerala,IDUKKI,ADV. DEAN KURIAKOSE,M,INC,GEN,1203258,919297,498493,76.4,54.23,18.61
207,207,2019,4,Kerala,KOTTAYAM,THOMAS CHAZHIKADAN,M,KEC(M),GEN,1205376,910339,421046,75.52,46.25,11.67
208,208,2019,4,Kerala,ALAPPUZHA,ADV. A M ARIFF,M,CPM,GEN,1351405,1088728,445970,80.56,40.96,0.96
209,209,2019,4,Kerala,MAVELIKKARA,KODIKUNNIL SURESH,M,INC,SC,1301067,971035,440415,74.63,45.36,6.3
210,210,2019,4,Kerala,PATHANAMTHITTA,ANTO ANTONY,M,INC,GEN,1378587,1026553,380927,74.46,37.11,4.31
211,211,2019,4,Kerala,KOLLAM,N.K.PREMACHANDRAN,M,RSP,GEN,1292636,968123,499677,74.9,51.61,15.38
212,212,2019,4,Kerala,ATTINGAL,ADV. ADOOR PRAKASH,M,INC,GEN,1346641,1004888,380995,74.62,37.91,3.81
213,213,2019,4,Kerala,THIRUVANANTHAPURAM,DR. SHASHI THAROOR,M,INC,GEN,1367523,1010180,416131,73.87,41.19,9.9
214,214,2019,4,Lakshadweep,LAKSHADWEEP,MOHAMMED FAIZAL PP,M,NCP,ST,55057,47009,22851,85.38,48.61,1.75
215,215,2019,4,Madhya Pradesh,MORENA,NARENDRA SINGH TOMAR,M,BJP,GEN,1828660,1137290,541689,62.19,47.63,9.97
216,216,2019,4,Madhya Pradesh,BHIND,SANDHYA RAY,F,BJP,SC,1752681,960687,527694,54.81,54.93,20.81
217,217,2019,4,Madhya Pradesh,GWALIOR,VIVEK NARAYAN SHEJWALKAR,M,BJP,GEN,1995729,1196096,627250,59.93,52.44,12.28
218,218,2019,4,Madhya Pradesh,GUNA,KRISHNA PAL SINGH DR. K. P. YADAV,M,BJP,GEN,1674676,1178423,614049,70.37,52.11,10.65
219,219,2019,4,Madhya Pradesh,SAGAR,RAJBAHADUR SINGH,M,BJP,GEN,1582267,1037175,646231,65.55,62.31,29.46
220,220,2019,4,Madhya Pradesh,TIKAMGARH,DR VIRENDRA KUMAR,M,BJP,SC,1646108,1096712,672248,66.62,61.3,31.74
221,221,2019,4,Madhya Pradesh,DAMOH,PRAHALAD SINGH PATEL,M,BJP,GEN,1768171,1164226,704524,65.84,60.51,30.36
222,222,2019,4,Madhya Pradesh,KHAJURAHO,V.D. SHARMA (VISHNU DATT SHARMA),M,BJP,GEN,1841092,1257783,811135,68.32,64.49,39.15
223,223,2019,4,Madhya Pradesh,SATNA,GANESH SINGH,M,BJP,GEN,1571526,1113656,588753,70.86,52.87,20.78
224,224,2019,4,Madhya Pradesh,REWA,JANARDAN MISHRA,M,BJP,GEN,1672122,1013251,583745,60.6,57.61,30.87
225,225,2019,4,Madhya Pradesh,SIDHI,RITI PATHAK,F,BJP,GEN,1843936,1282705,698342,69.56,54.44,22.34
226,226,2019,4,Madhya Pradesh,SHAHDOL,HIMADRI SINGH,F,BJP,ST,1655558,1237858,747977,74.77,60.43,32.58
227,227,2019,4,Madhya Pradesh,JABALPUR,RAKESH SINGH,M,BJP,GEN,1818114,1263573,826454,69.5,65.41,35.99
228,228,2019,4,Madhya Pradesh,MANDLA,FAGGAN SINGH KULASTE,M,BJP,ST,1949908,1517255,737266,77.81,48.59,6.44
229,229,2019,4,Madhya Pradesh,BALAGHAT,DR DHAL SINGH BISEN,M,BJP,GEN,1765938,1372018,696102,77.69,50.74,17.64
230,230,2019,4,Madhya Pradesh,CHHINDWARA,NAKUL KAMAL NATH,M,INC,GEN,1512369,1248031,587305,82.52,47.06,3.01
231,231,2019,4,Madhya Pradesh,HOSHANGABAD,UDAY PRATAP SINGH,M,BJP,GEN,1703757,1265869,877927,74.3,69.35,43.74
232,232,2019,4,Madhya Pradesh,VIDISHA,RAMAKANT BHARGAVA,M,BJP,GEN,1740449,1250244,853022,71.83,68.23,40.24
233,233,2019,4,Madhya Pradesh,BHOPAL,SADHVI PRAGYA SINGH THAKUR,F,BJP,GEN,2141078,1407954,866482,65.76,61.54,25.91
234,234,2019,4,Madhya Pradesh,RAJGARH,RODMAL NAGAR,M,BJP,GEN,1692080,1260329,823824,74.48,65.37,34.2
235,235,2019,4,Madhya Pradesh,DEWAS,MAHENDRA SINGH SOLANKY,M,BJP,SC,1617215,1398946,862429,86.5,61.65,26.61
236,236,2019,4,Madhya Pradesh,UJJAIN,ANIL FIROJIYA,M,BJP,SC,1525481,1252511,791663,82.11,63.21,29.19
237,237,2019,4,Madhya Pradesh,MANDSOUR,SUDHEER GUPTA,M,BJP,GEN,1626571,1370667,847786,84.27,61.85,27.49
238,238,2019,4,Madhya Pradesh,RATLAM,GUMAN SINGH DAMOR,M,BJP,ST,1702648,1400509,696103,82.25,49.7,6.47
239,239,2019,4,Madhya Pradesh,DHAR,CHATTARSINGH DARBAR,M,BJP,ST,1519622,1344132,722147,88.45,53.73,11.61
240,240,2019,4,Madhya Pradesh,INDORE,SHANKAR LALWANI,M,BJP,GEN,2570306,1629108,1068569,63.38,65.59,33.62
241,241,2019,4,Madhya Pradesh,KHARGONE,GAJENDRA UMRAO SINGH PATEL,M,BJP,ST,1703271,1427607,773550,83.82,54.19,14.19
242,242,2019,4,Madhya Pradesh,KHANDWA,NANDKUMAR SINGH CHOUHAN (NANDU BHAIYA),M,BJP,GEN,1759410,1468138,838909,83.44,57.14,18.62
243,243,2019,4,Madhya Pradesh,BETUL,DURGA DAS (D.D.) UIKEY,M,BJP,ST,1734849,1357857,811248,78.27,59.74,26.53
244,244,2019,4,Maharashtra,NANDURBAR,DR. HEENA VIJAYKUMAR GAVIT,F,BJP,ST,1870117,1281738,639136,68.54,49.86,7.46
245,245,2019,4,Maharashtra,DHULE,BHAMRE SUBHASH RAMRAO,M,BJP,GEN,1904859,1085038,613533,56.96,56.54,21.13
246,246,2019,4,Maharashtra,JALGAON,UNMESH BHAIYYASAHEB PATIL,M,BJP,GEN,1925352,1088277,713874,56.52,65.6,37.82
247,247,2019,4,Maharashtra,RAVER,KHADSE RAKSHA NIKHIL,F,BJP,GEN,1773107,1092971,655386,61.64,59.96,30.73
248,248,2019,4,Maharashtra,BULDHANA,JADHAV PRATAPRAO GANPATRAO,M,SHS,GEN,1758943,1120359,521977,63.7,46.59,11.9
249,249,2019,4,Maharashtra,AKOLA,DHOTRE SANJAY SHAMRAO,M,BJP,GEN,1861739,1119440,554444,60.13,49.53,24.62
250,250,2019,4,Maharashtra,AMRAVATI,NAVNIT RAVI RANA,F,IND,SC,1830561,1112385,510947,60.77,45.93,3.32
251,251,2019,4,Maharashtra,WARDHA,RAMDAS CHANDRABHANJI TADAS,M,BJP,GEN,1741890,1072570,578364,61.58,53.92,17.45
252,252,2019,4,Maharashtra,RAMTEK,KRUPAL BALAJI TUMANE,M,SHS,SC,1921047,1196744,597126,62.3,49.9,10.59
253,253,2019,4,Maharashtra,NAGPUR,NITIN JAIRAM GADKARI,M,BJP,GEN,2160232,1186051,660221,54.9,55.67,18.21
254,254,2019,4,Maharashtra,BHANDARA - GONDIYA,SUNIL BABURAO MENDHE,M,BJP,GEN,1808920,1244931,650243,68.82,52.23,15.86
255,255,2019,4,Maharashtra,GADCHIROLI-CHIMUR,ASHOK MAHADEORAO NETE,M,BJP,ST,1580063,1142698,519968,72.32,45.5,6.78
256,256,2019,4,Maharashtra,CHANDRAPUR,BALUBHAU ALIAS SURESH NARAYAN DHANORKAR,M,INC,GEN,1908564,1238474,559507,64.89,45.18,3.61
257,257,2019,4,Maharashtra,YAVATMAL-WASHIM,BHAVANA PUNDLIKRAO GAWALI,F,SHS,GEN,1914785,1174220,542098,61.32,46.17,10.04
258,258,2019,4,Maharashtra,HINGOLI,HEMANT PATIL,M,SHS,GEN,1732540,1157516,586312,66.81,50.65,24
259,259,2019,4,Maharashtra,NANDED,PRATAPRAO PATIL CHIKHALIKAR,M,BJP,GEN,1717826,1129350,486806,65.74,43.1,3.55
260,260,2019,4,Maharashtra,PARBHANI,JADHAV SANJAY (BANDU) HARIBHAU,M,SHS,GEN,1984130,1252782,538941,63.14,43.02,3.37
261,261,2019,4,Maharashtra,JALNA,DANVE RAOSAHEB DADARAO,M,BJP,GEN,1865046,1208139,698019,64.78,57.78,27.55
262,262,2019,4,Maharashtra,AURANGABAD,IMTIAZ JALEEL SYED,M,AIMIM,GEN,1884866,1198221,389042,63.57,32.47,0.37
263,263,2019,4,Maharashtra,DINDORI,DR. BHARATI PRAVIN PAWAR,F,BJP,ST,1728651,1137631,567470,65.81,49.88,17.47
264,264,2019,4,Maharashtra,NASHIK,GODSE HEMANT TUKARAM,M,SHS,GEN,1882111,1121232,563599,59.57,50.27,26.06
265,265,2019,4,Maharashtra,PALGHAR,RAJENDRA DHEDYA GAVIT,M,SHS,ST,1885297,1201941,580479,63.75,48.3,7.39
266,266,2019,4,Maharashtra,BHIWANDI,KAPIL MORESHWAR PATIL,M,BJP,GEN,1889788,1005172,523583,53.19,52.09,15.55
267,267,2019,4,Maharashtra,KALYAN,DR. SHRIKANT EKNATH SHINDE,M,SHS,GEN,1965130,890313,559723,45.31,62.87,38.68
268,268,2019,4,Maharashtra,THANE,RAJAN BABURAO VICHARE,M,SHS,GEN,2370273,1170518,740969,49.38,63.3,35.21
269,269,2019,4,Maharashtra,MUMBAI NORTH,GOPAL SHETTY,M,BJP,GEN,1647208,989759,706678,60.09,71.4,47.01
270,270,2019,4,Maharashtra,MUMBAI NORTH WEST,GAJANAN KIRTIKAR,M,SHS,GEN,1732085,941497,570063,54.36,60.55,27.65
271,271,2019,4,Maharashtra,MUMBAI NORTH EAST,MANOJ KOTAK,M,BJP,GEN,1588331,908993,514599,57.23,56.61,24.92
272,272,2019,4,Maharashtra,MUMBAI NORTH CENTRAL,POONAM MAHAJAN,F,BJP,GEN,1679731,901784,486672,53.69,53.97,14.42
273,273,2019,4,Maharashtra,MUMBAI SOUTH CENTRAL,RAHUL RAMESH SHEWALE,M,SHS,GEN,1440142,797250,424913,55.36,53.3,19.08
274,274,2019,4,Maharashtra,MUMBAI SOUTH,ARVIND GANPAT SAWANT,M,SHS,GEN,1553925,801611,421937,51.59,52.64,12.48
275,275,2019,4,Maharashtra,RAIGAD,TATKARE SUNIL DATTATRAY,M,NCP,GEN,1651560,1025467,486968,62.09,47.49,3.07
276,276,2019,4,Maharashtra,MAVAL,SHRIRANG APPA CHANDU BARNE,M,SHS,GEN,2297405,1368872,720663,59.58,52.65,15.77
277,277,2019,4,Maharashtra,PUNE,GIRISH BHALCHANDRA BAPAT,M,BJP,GEN,2075039,1035236,632835,49.89,61.13,31.36
278,278,2019,4,Maharashtra,BARAMATI,SUPRIYA SULE,F,NCP,GEN,2112408,1304728,686714,61.76,52.63,11.94
279,279,2019,4,Maharashtra,SHIRUR,DR. AMOL RAMSING KOLHE,M,NCP,GEN,2173484,1293117,635830,59.5,49.17,4.52
280,280,2019,4,Maharashtra,AHMADNAGAR,DR. SUJAY RADHAKRISHNA VIKHEPATIL,M,BJP,GEN,1854248,1203797,704660,64.92,58.54,23.38
281,281,2019,4,Maharashtra,SHIRDI,SADASHIV KISAN LOKHANDE,M,SHS,SC,1584303,1029362,486820,64.97,47.29,11.68
282,282,2019,4,Maharashtra,BEED,PRITAM GOPINATHRAO MUNDE,F,BJP,GEN,2041190,1352399,678175,66.26,50.15,12.45
283,283,2019,4,Maharashtra,OSMANABAD,OMPRAKASH BHUPALSINH ALIAS PAWAN RAJENIMBALKAR,M,SHS,GEN,1886238,1204730,596640,63.87,49.52,10.59
284,284,2019,4,Maharashtra,LATUR,SUDHAKAR TUKARAM SHRANGARE,M,BJP,SC,1883535,1176542,661495,62.46,56.22,24.57
285,285,2019,4,Maharashtra,SOLAPUR,SHRI. SHA. BRA. DR. JAI SIDHESHWAR SHIVACHARY MAHASWAMIJI,M,BJP,SC,1850001,1084514,524985,58.62,48.41,14.62
286,286,2019,4,Maharashtra,MADHA,RANJEETSINHA HINDURAO NAIK- NIMBALKAR,M,BJP,GEN,1904845,1216319,586314,63.85,48.2,7.05
287,287,2019,4,Maharashtra,SANGLI,SANJAYKAKA PATIL,M,BJP,GEN,1803054,1189958,508995,66,42.77,13.81
288,288,2019,4,Maharashtra,SATARA,SHRIMANT CHH. UDAYANRAJE PRATAPSINHMAHARAJ BHONSLE,M,NCP,GEN,1838987,1115434,579026,60.65,51.91,11.34
289,289,2019,4,Maharashtra,RATNAGIRI - SINDHUDURG,VINAYAK RAUT,M,SHS,GEN,1454525,901102,458022,61.95,50.83,19.79
290,290,2019,4,Maharashtra,KOLHAPUR,SANJAY SADASHIVRAO MANDLIK,M,SHS,GEN,1874345,1330852,749085,71,56.29,20.33
291,291,2019,4,Maharashtra,HATKANANGLE,DHAIRYASHEEL SAMBHAJIRAO MANE,M,SHS,GEN,1772563,1252211,585776,70.64,46.78,7.67
292,292,2019,4,Manipur,INNER MANIPUR,DR RAJKUMAR RANJAN SINGH,M,BJP,GEN,928626,759301,263632,81.77,34.72,2.34
293,293,2019,4,Manipur,OUTER MANIPUR,LORHO S. PFOZE,M,NPP,ST,1010631,858029,363527,84.9,42.37,8.6
294,294,2019,4,Meghalaya,SHILLONG,VINCENT H. PALA,M,INC,ST,1195662,784190,419689,65.59,53.52,19.44
295,295,2019,4,Meghalaya,TURA,AGATHA K. SANGMA,F,NPP,ST,715723,583041,304455,81.46,52.22,10.98
296,296,2019,4,Mizoram,MIZORAM,C LALROSANGA,M,MNF,ST,787777,499621,224286,63.42,44.89,1.63
297,297,2019,4,Nagaland,NAGALAND,TOKHEHO YEPTHOMI,M,NDPP,GEN,1206287,1006357,500510,83.43,49.73,1.62
298,298,2019,4,Odisha,BARGARH,SURESH PUJARI,M,BJP,GEN,1594708,1247912,581245,78.25,46.58,5.12
299,299,2019,4,Odisha,SUNDARGARH,JUAL ORAM,M,BJP,ST,1528997,1100129,500056,71.95,45.45,20.28
300,300,2019,4,Odisha,SAMBALPUR,NITESH GANGA DEB,M,BJP,GEN,1466974,1124455,473770,76.65,42.13,0.81
301,301,2019,4,Odisha,KEONJHAR,CHANDRANI MURMU,F,BJD,ST,1515641,1176292,526359,77.61,44.75,5.63
302,302,2019,4,Odisha,MAYURBHANJ,BISHWESWAR TUDU,M,BJP,ST,1490182,1149154,483175,77.12,42.05,2.18
303,303,2019,4,Odisha,BALASORE,PRATAP CHANDRA SARANGI,M,BJP,GEN,1529871,1148555,479335,75.08,41.73,1.01
304,304,2019,4,Odisha,BHADRAK,MANJULATA MANDAL,F,BJD,SC,1658836,1209243,506080,72.9,41.85,2.27
305,305,2019,4,Odisha,JAJPUR,SARMISTHA SETHI,F,BJD,SC,1472616,1092084,544020,74.16,49.81,9.31
306,306,2019,4,Odisha,DHENKANAL,MAHESH SAHOO,M,BJD,GEN,1501003,1126650,521954,75.06,46.33,3.37
307,307,2019,4,Odisha,BOLANGIR,SANGEETA KUMARI SINGH DEO,F,BJP,GEN,1742962,1302228,496520,74.71,38.13,1.47
308,308,2019,4,Odisha,KALAHANDI,BASANTA KUMAR PANDA,M,BJP,GEN,1610031,1222906,429710,75.96,35.14,1.97
309,309,2019,4,Odisha,NABARANGPUR,RAMESH CHANDRA MAJHI,M,BJD,ST,1460610,1153766,391234,78.99,33.91,3.72
310,310,2019,4,Odisha,KANDHAMAL,ACHYUTANANDA SAMANTA,M,BJD,GEN,1287343,941985,461679,73.17,49.01,15.84
311,311,2019,4,Odisha,CUTTACK,BHARTRUHARI MAHTAB,M,BJD,GEN,1516791,1059490,524592,69.85,49.51,11.44
312,312,2019,4,Odisha,KENDRAPARA,ANUBHAV MOHANTY,M,BJD,GEN,1708117,1236466,628939,72.39,50.87,12.34
313,313,2019,4,Odisha,JAGATSINGHPUR,RAJASHREE MALLICK,F,BJD,SC,1641031,1227166,618757,74.78,50.42,22.08
314,314,2019,4,Odisha,PURI,PINAKI MISRA,M,BJD,GEN,1559548,1135620,538321,72.82,47.4,1.03
315,315,2019,4,Odisha,BHUBANESWAR,APARAJITA SARANGI,F,BJP,GEN,1697666,1005215,486991,59.21,48.45,2.37
316,316,2019,4,Odisha,ASKA,PRAMILA BISOYI,F,BJD,GEN,1539113,1013862,552749,65.87,54.52,20.19
317,317,2019,4,Odisha,BERHAMPUR,CHANDRA SEKHAR SAHU,M,BJD,GEN,1499216,989902,443770,66.03,44.83,9.57
318,318,2019,4,Odisha,KORAPUT,SAPTAGIRI SANKAR ULAKA,M,INC,ST,1433850,1080161,371129,75.33,34.36,0.33
319,319,2019,4,Puducherry,PUDUCHERRY,VE. VAITHILINGAM,M,INC,GEN,973161,790760,444981,81.26,56.27,24.92
320,320,2019,4,Punjab,GURDASPUR,SUNNY DEOL,M,BJP,GEN,1595284,1103887,558719,69.2,50.61,7.47
321,321,2019,4,Punjab,AMRITSAR,GURJEET SINGH AUJLA,M,INC,GEN,1507875,859513,445032,57,51.78,11.59
322,322,2019,4,Punjab,KHADOOR SAHIB,JASBIR SINGH GILL (DIMPA),M,INC,GEN,1638842,1046032,459710,63.83,43.95,13.44
323,323,2019,4,Punjab,JALANDHAR,SANTOKH SINGH CHAUDHARY,M,INC,SC,1617018,1018998,385712,63.02,37.85,1.91
324,324,2019,4,Punjab,HOSHIARPUR,SOM PARKASH,M,BJP,SC,1597500,990791,421320,62.02,42.52,4.9
325,325,2019,4,Punjab,ANANDPUR SAHIB,MANISH TEWARI,M,INC,GEN,1698876,1081727,428045,63.67,39.57,4.33
326,326,2019,4,Punjab,LUDHIANA,RAVNEET SINGH BITTU,M,INC,GEN,1683325,1046955,383795,62.2,36.66,7.29
327,327,2019,4,Punjab,FATEHGARH SAHIB,AMAR SINGH,M,INC,SC,1502861,985948,411651,65.6,41.75,9.52
328,328,2019,4,Punjab,FARIDKOT,MOHAMMAD SADIQUE,M,INC,SC,1541971,974947,419065,63.23,42.98,8.54
329,329,2019,4,Punjab,FIROZPUR,SUKHBIR SINGH BADAL,M,SAD,GEN,1618419,1172033,633427,72.42,54.05,16.97
330,330,2019,4,Punjab,BATHINDA,HARSIMRAT KAUR BADAL,F,SAD,GEN,1621671,1200810,492824,74.05,41.04,1.81
331,331,2019,4,Punjab,SANGRUR,BHAGWANT MANN,M,AAP,GEN,1529432,1105888,413561,72.31,37.4,9.97
332,332,2019,4,Punjab,PATIALA,PRENEET KAUR,F,INC,GEN,1739600,1177903,532027,67.71,45.17,13.81
333,333,2019,4,Rajasthan,GANGANAGAR,NIHAL CHAND,M,BJP,SC,1941656,1451765,897177,74.77,61.8,28.03
334,334,2019,4,Rajasthan,BIKANER,ARJUN RAM MEGHWAL,M,BJP,SC,1849433,1099598,657743,59.46,59.82,24.02
335,335,2019,4,Rajasthan,CHURU,RAHUL KASWAN,M,BJP,GEN,2010464,1328422,792999,66.08,59.69,25.17
336,336,2019,4,Rajasthan,JHUNJHUNU,NARENDRA KUMAR,M,BJP,GEN,1908887,1198927,738163,62.81,61.57,25.23
337,337,2019,4,Rajasthan,SIKAR,SUMEDHANAND SARASWATI,M,BJP,GEN,2024830,1326969,772104,65.53,58.19,22.39
338,338,2019,4,Rajasthan,JAIPUR RURAL,COL. RAJYAVARDHAN RATHORE,M,BJP,GEN,1943486,1276693,820132,65.69,64.24,30.8
339,339,2019,4,Rajasthan,JAIPUR,RAMCHARAN BOHRA,M,BJP,GEN,2125718,1456404,924065,68.51,63.45,29.57
340,340,2019,4,Rajasthan,ALWAR,BALAK NATH,M,BJP,GEN,1873618,1265674,760201,67.55,60.06,26.07
341,341,2019,4,Rajasthan,BHARATPUR,RANJEETA KOLI,F,BJP,SC,1934176,1146797,707992,59.29,61.74,27.76
342,342,2019,4,Rajasthan,KARAULI-DHOLPUR,MANOJ RAJORIA,M,BJP,SC,1805657,998044,526443,55.27,52.75,9.79
343,343,2019,4,Rajasthan,DAUSA,JASKAUR MEENA,F,BJP,ST,1726376,1062834,548733,61.56,51.63,7.38
344,344,2019,4,Rajasthan,TONK-SAWAI MADHOPUR,SUKHBIR SINGH JAUNAPURIA,M,BJP,GEN,1943668,1233458,644319,63.46,52.24,9.02
345,345,2019,4,Rajasthan,AJMER,BHAGIRATH CHAUDHARY,M,BJP,GEN,1872816,1262214,815076,67.4,64.58,32.99
346,346,2019,4,Rajasthan,NAGAUR,HANUMAN BENIWAL,M,RLP,GEN,1924567,1203124,660051,62.51,54.86,15.07
347,347,2019,4,Rajasthan,PALI,P. P. CHAUDHARY,M,BJP,GEN,2156774,1359799,900149,63.05,66.2,35.42
348,348,2019,4,Rajasthan,JODHPUR,GAJENDRA SINGH SHEKHAWAT,M,BJP,GEN,1951393,1346243,788888,68.99,58.6,20.39
349,349,2019,4,Rajasthan,BARMER,KAILASH CHOUDHARY,M,BJP,GEN,1939019,1422271,846526,73.35,59.52,22.77
350,350,2019,4,Rajasthan,JALORE,DEVAJI PATEL,M,BJP,GEN,2070899,1361619,772833,65.75,56.76,19.18
351,351,2019,4,Rajasthan,UDAIPUR,ARJUNLAL MEENA,M,BJP,ST,2069298,1454518,871548,70.29,59.92,30.11
352,352,2019,4,Rajasthan,BANSWARA,KANAKMAL KATARA,M,BJP,ST,1975198,1439671,711709,72.89,49.44,21.22
353,353,2019,4,Rajasthan,CHITTORGARH,CHANDRA PRAKASH JOSHI,M,BJP,GEN,2015401,1458760,982942,72.38,67.38,39.5
354,354,2019,4,Rajasthan,RAJSAMAND,DIYA KUMARI,F,BJP,GEN,1909341,1239845,863039,64.94,69.61,44.51
355,355,2019,4,Rajasthan,BHILWARA,SUBHASH CHANDRA BAHERIA,M,BJP,GEN,1995863,1310513,938160,65.66,71.59,46.7
356,356,2019,4,Rajasthan,KOTA,OM BIRLA,M,BJP,GEN,1947245,1367034,800051,70.2,58.52,20.46
357,357,2019,4,Rajasthan,JHALAWAR-BARAN,DUSHYANT SINGH,M,BJP,GEN,1903463,1369868,887400,71.97,64.78,33.14
358,358,2019,4,Sikkim,SIKKIM,INDRA HANG SUBBA,M,SKM,GEN,432306,351746,166922,81.37,47.46,3.53
359,359,2019,4,Tamil Nadu,THIRUVALLUR,DR.K.JAYAKUMAR,M,INC,SC,1946242,1408189,767292,72.35,54.49,25.35
360,360,2019,4,Tamil Nadu,CHENNAI NORTH,DR. KALANIDHI VEERASWAMY,M,DMK,GEN,1487461,955545,590986,64.24,61.85,48.3
361,361,2019,4,Tamil Nadu,CHENNAI SOUTH,T.SUMATHY (A) THAMIZHACHI THANGAPANDIAN,F,DMK,GEN,1973315,1125857,564872,57.05,50.17,23.29
362,362,2019,4,Tamil Nadu,CHENNAI CENTRAL,DAYANIDHI MARAN,M,DMK,GEN,1332135,785450,448911,58.96,57.15,38.39
363,363,2019,4,Tamil Nadu,SRIPERUMBUDUR,BAALU.T.R.,M,DMK,GEN,2253041,1406782,793281,62.44,56.39,36.11
364,364,2019,4,Tamil Nadu,KANCHEEPURAM,SELVAM.G,M,DMK,SC,1643656,1237612,684004,75.3,55.27,23.16
365,365,2019,4,Tamil Nadu,ARAKKONAM,S. JAGATHRAKSHAKAN,M,DMK,GEN,1494929,1178060,672190,78.8,57.06,27.92
366,366,2019,4,Tamil Nadu,KRISHNAGIRI,DR.A.CHELLAKUMAR,M,INC,GEN,1526348,1161369,611298,76.09,52.64,13.5
367,367,2019,4,Tamil Nadu,DHARMAPURI,DNV SENTHILKUMAR. S.,M,DMK,GEN,1484027,1223205,574988,82.42,47.01,5.78
368,368,2019,4,Tamil Nadu,TIRUVANNAMALAI,ANNADURAI C N,M,DMK,GEN,1470203,1151729,666272,78.34,57.85,26.41
369,369,2019,4,Tamil Nadu,ARANI,VISHNU PRASAD M K,M,INC,GEN,1445781,1143907,617760,79.12,54,20.18
370,370,2019,4,Tamil Nadu,VILUPPURAM,RAVIKUMAR D,M,DMK,SC,1443436,1135540,559585,78.67,49.28,11.28
371,371,2019,4,Tamil Nadu,KALLAKURICHI,GAUTHAM SIGAMANI PON,M,DMK,GEN,1528539,1204375,721713,78.79,59.92,33.21
372,372,2019,4,Tamil Nadu,SALEM,PARTHIBAN.S.R,M,DMK,GEN,1611982,1255459,606302,77.88,48.29,11.7
373,373,2019,4,Tamil Nadu,NAMAKKAL,CHINRAJ A.K.P,M,DMK,GEN,1413246,1133774,626293,80.22,55.24,23.39
374,374,2019,4,Tamil Nadu,ERODE,GANESHAMURTHI A,M,DMK,GEN,1462076,1067863,563591,73.04,52.78,19.72
375,375,2019,4,Tamil Nadu,TIRUPPUR,"SUBBARAYAN, K.",M,CPI,GEN,1529836,1119584,508725,73.18,45.44,8.34
376,376,2019,4,Tamil Nadu,NILGIRIS,"RAJA, A.",M,DMK,SC,1365608,1010719,547832,74.01,54.2,20.36
377,377,2019,4,Tamil Nadu,COIMBATORE,NATARAJAN. P.R,M,CPM,GEN,1958577,1250885,571150,63.87,45.66,14.32
378,378,2019,4,Tamil Nadu,POLLACHI,SHANMUGA SUNDARAM. K,M,DMK,GEN,1520276,1081875,554230,71.16,51.23,16.26
379,379,2019,4,Tamil Nadu,DINDIGUL,"VELUSAMY, P.",M,DMK,GEN,1540495,1160046,746523,75.3,64.35,46.46
380,380,2019,4,Tamil Nadu,KARUR,JOTHIMANI S,F,INC,GEN,1386636,1103165,695697,79.56,63.06,38.12
381,381,2019,4,Tamil Nadu,TIRUCHIRAPPALLI,THIRUNAVUKKARASAR. SU,M,INC,GEN,1508329,1048062,621285,69.48,59.28,43.82
382,382,2019,4,Tamil Nadu,PERAMBALUR,"DR.PAARIVENDHAR, T. R",M,DMK,GEN,1391011,1102767,683697,79.28,62,36.59
383,383,2019,4,Tamil Nadu,CUDDALORE,T. R. V .S. RAMESH,M,DMK,GEN,1363650,1043202,522160,76.5,50.05,13.8
384,384,2019,4,Tamil Nadu,CHIDAMBARAM,THIRUMAAVALAVAN THOL,M,VCK,SC,1479108,1153192,500229,77.97,43.38,0.28
385,385,2019,4,Tamil Nadu,MAYILADUTHURAI,RAMALINGAM. S,M,DMK,GEN,1484348,1097243,599292,73.92,54.62,23.82
386,386,2019,4,Tamil Nadu,NAGAPATTINAM,SELVARAJ M,M,CPI,SC,1303060,1002208,522892,76.91,52.17,21.09
387,387,2019,4,Tamil Nadu,THANJAVUR,"PALANIMANICKAM,S.S.",M,DMK,GEN,1460266,1059223,588978,72.54,55.6,34.75
388,388,2019,4,Tamil Nadu,SIVAGANGA,KARTI P CHIDAMBARAM,M,INC,GEN,1550390,1084468,566104,69.95,52.2,30.64
389,389,2019,4,Tamil Nadu,MADURAI,VENKATESAN S,M,CPM,GEN,1538133,1016026,447075,66.06,44,13.72
390,390,2019,4,Tamil Nadu,THENI,"RAVEENDRANATH KUMAR, P",M,ADMK,GEN,1554051,1173489,504813,75.51,43.02,6.54
391,391,2019,4,Tamil Nadu,VIRUDHUNAGAR,"MANICKAM TAGORE, B.",M,INC,GEN,1480600,1074735,470883,72.59,43.81,14.38
392,392,2019,4,Tamil Nadu,RAMANATHAPURAM,K. NAVASKANI,M,IUML,GEN,1557910,1066146,469943,68.43,44.08,11.92
393,393,2019,4,Tamil Nadu,THOOTHUKKUDI,KANIMOZHI KARUNANIDHI,F,DMK,GEN,1425401,991263,563143,69.54,56.81,35.03
394,394,2019,4,Tamil Nadu,TENKASI,DHANUSH.M.KUMAR,M,DMK,SC,1488944,1065569,476156,71.57,44.69,11.29
395,395,2019,4,Tamil Nadu,TIRUNELVELI,GNANATHIRAVIAM S,M,DMK,GEN,1546212,1039761,522623,67.25,50.26,17.84
396,396,2019,4,Tamil Nadu,KANNIYAKUMARI,VASANTHAKUMAR. H,M,INC,GEN,1493509,1048377,627235,70.2,59.83,24.79
397,397,2019,4,Telangana,ADILABAD,SOYAM BAPU RAO,M,BJP,ST,1488353,1063730,377374,71.47,35.48,5.51
398,398,2019,4,Telangana,PEDDAPALLE,VENKATESH NETHA BORLAKUNTA,M,TRS,SC,1478062,970051,441321,65.63,45.49,9.81
399,399,2019,4,Telangana,KARIMNAGAR,BANDI SANJAY KUMAR,M,BJP,GEN,1650893,1147697,498276,69.52,43.42,7.8
400,400,2019,4,Telangana,NIZAMABAD,ARVIND DHARMAPURI,M,BJP,GEN,1552838,1062768,480584,68.44,45.22,6.67
401,401,2019,4,Telangana,ZAHIRABAD,B.B.PATIL,M,TRS,GEN,1497996,1044365,434244,69.72,41.58,0.6
402,402,2019,4,Telangana,MEDAK,KOTHA PRABHAKAR REDDY,M,TRS,GEN,1602947,1150223,596048,71.76,51.82,27.51
403,403,2019,4,Telangana,MALKAJGIRI,ANUMULA REVANTH REDDY,M,INC,GEN,3149710,1563063,603748,49.63,38.63,0.7
404,404,2019,4,Telangana,SECUNDRABAD,G . KISHAN REDDY,M,BJP,GEN,1968147,915106,384780,46.5,42.05,6.79
405,405,2019,4,Telangana,HYDERABAD,ASADUDDIN OWAISI,M,AIMIM,GEN,1957772,877872,517471,44.84,58.95,32.14
406,406,2019,4,Telangana,CHELVELLA,DR. G. RANJITH REDDY,M,TRS,GEN,2442600,1300194,528148,53.23,40.62,1.1
407,407,2019,4,Telangana,MAHBUBNAGAR,MANNE SRINIVAS REDDY,M,TRS,GEN,1505190,984634,411402,65.42,41.78,7.9
408,408,2019,4,Telangana,NAGARKURNOOL,POTHUGANTI RAMULU,M,TRS,SC,1587281,989847,499672,62.36,50.48,19.17
409,409,2019,4,Telangana,NALGONDA,UTTAM KUMAR REDDY NALAMADA,M,INC,GEN,1585433,1175703,526028,74.16,44.74,2.18
410,410,2019,4,Telangana,BHONGIR,KOMATI REDDY VENKAT REDDY,M,INC,GEN,1627527,1212631,532795,74.51,43.94,0.43
411,411,2019,4,Telangana,WARANGAL,DAYAKAR PASUNOORI,M,TRS,SC,1666085,1061645,612498,63.72,57.69,33
412,412,2019,4,Telangana,MAHABUBABAD,KAVITHA MALOTHU,F,TRS,ST,1423351,983535,462109,69.1,46.98,14.91
413,413,2019,4,Telangana,KHAMMAM,NAMA NAGESWR RAO,M,TRS,GEN,1513094,1139831,567459,75.33,49.78,14.74
414,414,2019,4,Tripura,TRIPURA WEST,PRATIMA BHOUMIK,F,BJP,GEN,1347381,1107755,573532,82.22,51.77,27.6
415,415,2019,4,Tripura,TRIPURA EAST,REBATI TRIPURA,M,BJP,ST,1250777,1045417,482126,83.58,46.12,19.54
416,416,2019,4,Uttar Pradesh,SAHARANPUR,HAJI FAZLUR REHMAN,M,BSP,GEN,1722580,1231746,514139,71.51,41.74,1.82
417,417,2019,4,Uttar Pradesh,KAIRANA,PRADEEP KUMAR,M,BJP,GEN,1643934,1124047,566961,68.38,50.44,8.2
418,418,2019,4,Uttar Pradesh,MUZAFFARNAGAR,SANJEEV KUMAR BALYAN,M,BJP,GEN,1685594,1160071,573780,68.82,49.46,0.56
419,419,2019,4,Uttar Pradesh,BIJNOR,MALOOK NAGAR,M,BSP,GEN,1651105,1100763,561045,66.67,50.97,6.35
420,420,2019,4,Uttar Pradesh,NAGINA,GIRISH CHANDRA,M,BSP,SC,1574994,1009456,568378,64.09,56.31,16.53
421,421,2019,4,Uttar Pradesh,MORADABAD,DR. S.T. HASAN,M,SP,GEN,1941267,1282206,649416,66.05,50.65,7.63
422,422,2019,4,Uttar Pradesh,RAMPUR,MOHAMMAD AZAM KHAN,M,SP,GEN,1668479,1060921,559177,63.59,52.71,10.37
423,423,2019,4,Uttar Pradesh,SAMBHAL,DR. SHAFIQUR REHMAN BARQ,M,SP,GEN,1813839,1183469,658006,65.25,55.6,14.77
424,424,2019,4,Uttar Pradesh,AMROHA,KUNWAR DANISH ALI,M,BSP,GEN,1633186,1169182,601082,71.59,51.41,5.41
425,425,2019,4,Uttar Pradesh,MEERUT,RAJENDRA AGARWAL,M,BJP,GEN,1872146,1216413,586184,64.97,48.19,0.39
426,426,2019,4,Uttar Pradesh,BAGHPAT,DR. SATYAPAL SINGH,M,BJP,GEN,1592297,1044894,525789,65.62,50.32,2.25
427,427,2019,4,Uttar Pradesh,GHAZIABAD,VIJAY KUMAR SINGH,M,BJP,GEN,2656779,1524456,944503,57.38,61.96,32.9
428,428,2019,4,Uttar Pradesh,GAUTAM BUDDHA NAGAR,DR. MAHESH SHARMA,M,BJP,GEN,2241247,1392952,830812,62.15,59.64,24.19
429,429,2019,4,Uttar Pradesh,BULANDSHAHR,BHOLA SINGH,M,BJP,SC,1776567,1123629,681321,63.25,60.64,25.81
430,430,2019,4,Uttar Pradesh,ALIGARH,SATISH KUMAR GAUTAM,M,BJP,GEN,1876818,1163184,656215,61.98,56.42,19.71
431,431,2019,4,Uttar Pradesh,HATHRAS,RAJVIR DILER,M,BJP,SC,1831216,1150294,684299,62.82,59.49,22.62
432,432,2019,4,Uttar Pradesh,MATHURA,HEMA MALINI,F,BJP,GEN,1786187,1102731,671293,61.74,60.88,26.61
433,433,2019,4,Uttar Pradesh,AGRA,SATYAPAL SINGH BAGHEL,M,BJP,SC,1904706,1145323,646875,60.13,56.48,18.47
434,434,2019,4,Uttar Pradesh,FATEHPUR SIKRI,RAJKUMAR CHAHAR,M,BJP,GEN,1692961,1037151,667147,61.26,64.32,47.73
435,435,2019,4,Uttar Pradesh,FIROZABAD,DR. CHANDRA SEN JADON,M,BJP,GEN,1740562,1075866,495819,61.81,46.09,2.68
436,436,2019,4,Uttar Pradesh,MAINPURI,MULAYAM SINGH YADAV,M,SP,GEN,1702320,976518,524926,57.36,53.75,9.67
437,437,2019,4,Uttar Pradesh,ETAH,RAJVEER SINGH (RAJU BHAIYA),M,BJP,GEN,1607290,999607,545348,62.19,54.56,12.27
438,438,2019,4,Uttar Pradesh,BADAUN,DR. SANGHMITRA MAURYA,F,BJP,GEN,1881754,1081108,511352,57.45,47.3,1.71
439,439,2019,4,Uttar Pradesh,AONLA,DHARMENDRA KASHYAP,M,BJP,GEN,1770446,1052795,537675,59.46,51.07,10.8
440,440,2019,4,Uttar Pradesh,BAREILLY,SANTOSH KUMAR GANGWAR,M,BJP,GEN,1776786,1068342,565270,60.13,52.91,15.66
441,441,2019,4,Uttar Pradesh,PILIBHIT,FEROZE VARUN GANDHI,M,BJP,GEN,1747654,1186589,704549,67.9,59.38,21.54
442,442,2019,4,Uttar Pradesh,SHAHJAHANPUR,ARUN KUMAR SAGAR,M,BJP,SC,2097166,1186157,688990,56.56,58.09,22.63
443,443,2019,4,Uttar Pradesh,KHERI,AJAY KUMAR,M,BJP,GEN,1757116,1136660,609589,64.69,53.63,19.25
444,444,2019,4,Uttar Pradesh,DHAURAHRA,REKHA VERMA,F,BJP,GEN,1634417,1063840,512905,65.09,48.21,15.1
445,445,2019,4,Uttar Pradesh,SITAPUR,RAJESH VERMA,M,BJP,GEN,1653545,1064521,514528,64.38,48.33,9.47
446,446,2019,4,Uttar Pradesh,HARDOI,JAI PRAKASH,M,BJP,SC,1794142,1057558,568143,58.95,53.72,12.53
447,447,2019,4,Uttar Pradesh,MISRIKH,ASHOK KUMAR RAWAT,M,BJP,SC,1779700,1026668,534429,57.69,52.05,9.81
448,448,2019,4,Uttar Pradesh,UNNAO,SWAMI SAKSHI JI MAHARAJ,M,BJP,GEN,2177079,1237076,703507,56.82,56.87,32.41
449,449,2019,4,Uttar Pradesh,MOHANLALGANJ,KAUSHAL KISHORE,M,BJP,SC,1956358,1269040,629748,64.87,49.62,7.11
450,450,2019,4,Uttar Pradesh,LUCKNOW,RAJNATH SINGH,M,BJP,GEN,1958847,1116445,633026,57,56.7,31.11
451,451,2019,4,Uttar Pradesh,RAE BARELI,SONIA GANDHI,F,INC,GEN,1650806,958556,534918,58.07,55.8,17.44
452,452,2019,4,Uttar Pradesh,AMETHI,SMRITI IRANI,F,BJP,GEN,1718401,942453,468514,54.84,49.71,5.85
453,453,2019,4,Uttar Pradesh,SULTANPUR,MANEKA SANJAI GANDHI,F,BJP,GEN,1757047,1000316,459196,56.93,45.91,1.45
454,454,2019,4,Uttar Pradesh,PRATAPGARH,SANGAM LAL GUPTA,M,BJP,GEN,1692170,914665,436291,54.05,47.7,12.87
455,455,2019,4,Uttar Pradesh,FARRUKHABAD,MUKESH RAJPUT,M,BJP,GEN,1688871,1002953,569880,59.39,56.82,22.1
456,456,2019,4,Uttar Pradesh,ETAWAH,DR RAM SHANKAR KATHERIA,M,BJP,SC,1739462,1027815,522119,59.09,50.8,6.27
457,457,2019,4,Uttar Pradesh,KANNAUJ,SUBRAT PATHAK,M,BJP,GEN,1855121,1140496,563087,61.48,49.37,1.08
458,458,2019,4,Uttar Pradesh,KANPUR,SATYADEV PACHAURI,M,BJP,GEN,1597591,842994,468937,52.77,55.63,18.5
459,459,2019,4,Uttar Pradesh,AKBARPUR,DEVENDRA SINGH 'BHOLE',M,BJP,GEN,1730947,1025314,581282,59.23,56.69,26.83
460,460,2019,4,Uttar Pradesh,JALAUN,BHANU PRATAP SINGH VERMA,M,BJP,SC,1917700,1129955,581763,58.92,51.49,14.02
461,461,2019,4,Uttar Pradesh,JHANSI,ANURAG SHARMA,M,BJP,GEN,2015365,1380890,809272,68.52,58.61,26.48
462,462,2019,4,Uttar Pradesh,HAMIRPUR,KUNWAR PUSHPENDRA SINGH CHANDEL,M,BJP,GEN,1738107,1089778,575122,62.7,52.77,22.82
463,463,2019,4,Uttar Pradesh,BANDA,R.K. SINGH PATEL,M,BJP,GEN,1682151,1034549,477926,61.5,46.2,5.7
464,464,2019,4,Uttar Pradesh,FATEHPUR,NIRANJAN JYOTI,F,BJP,GEN,1820435,1043655,566040,57.33,54.24,18.99
465,465,2019,4,Uttar Pradesh,KAUSHAMBI,VINOD KUMAR SONKAR,M,BJP,SC,1765023,993394,383009,56.28,38.56,3.9
466,466,2019,4,Uttar Pradesh,PHULPUR,KESHARI DEVI PATEL,F,BJP,GEN,1975219,978236,544701,49.53,55.68,17.58
467,467,2019,4,Uttar Pradesh,ALLAHABAD,RITA BAHUGUNA JOSHI,F,BJP,GEN,1693447,889056,494454,52.5,55.62,20.73
468,468,2019,4,Uttar Pradesh,BARABANKI,UPENDRA SINGH RAWAT,M,BJP,SC,1804985,1155341,535917,64.01,46.39,9.53
469,469,2019,4,Uttar Pradesh,FAIZABAD,LALLU SINGH,M,BJP,GEN,1804729,1087121,529021,60.24,48.66,6.02
470,470,2019,4,Uttar Pradesh,AMBEDKAR NAGAR,RITESH PANDEY,M,BSP,GEN,1769675,1090152,564118,61.6,51.75,8.8
471,471,2019,4,Uttar Pradesh,BAHRAICH,AKSHAIBAR LAL,M,BJP,SC,1713390,989848,525982,57.77,53.14,13.01
472,472,2019,4,Uttar Pradesh,KAISERGANJ,BRIJBHUSAN SHARAN SINGH,M,BJP,GEN,1791950,981400,581358,54.77,59.24,26.66
473,473,2019,4,Uttar Pradesh,SHRAWASTI,RAM SHIROMANI,M,BSP,GEN,1900093,997007,441771,52.47,44.31,0.53
474,474,2019,4,Uttar Pradesh,GONDA,KIRTI VARDHAN SINGH ALIAS RAJA BHAIYA,M,BJP,GEN,1754478,923816,508190,52.65,55.01,18.01
475,475,2019,4,Uttar Pradesh,DOMARIYAGANJ,JAGDAMBIKA PAL,M,BJP,GEN,1865469,985269,492253,52.82,49.96,10.69
476,476,2019,4,Uttar Pradesh,BASTI,HARISH CHANDRA ALIAS HARISH DWIVEDI,M,BJP,GEN,1831666,1054539,471162,57.57,44.68,2.88
477,477,2019,4,Uttar Pradesh,SANT KABIR NAGAR,PRAVEEN KUMAR NISHAD,M,BJP,GEN,1939708,1063390,467543,54.82,43.97,3.36
478,478,2019,4,Uttar Pradesh,MAHARAJGANJ,PANKAJ CHOUDHARY,M,BJP,GEN,1857606,1226916,726349,66.05,59.2,27.75
479,479,2019,4,Uttar Pradesh,GORAKHPUR,RAVINDRA SHYAMNARAYAN SHUKLA ALIAS RAVI KISHAN,M,BJP,GEN,1954081,1184635,717122,60.62,60.54,25.46
480,480,2019,4,Uttar Pradesh,KUSHI NAGAR,VIJAY KUMAR DUBEY,M,BJP,GEN,1736750,1053117,597039,60.64,56.69,32.05
481,481,2019,4,Uttar Pradesh,DEORIA,RAMAPATI RAM TRIPATHI,M,BJP,GEN,1729583,1015363,580644,58.71,57.19,24.61
482,482,2019,4,Uttar Pradesh,BANSGAON,KAMLESH PASWAN,M,BJP,SC,1727798,969136,546673,56.09,56.41,15.84
483,483,2019,4,Uttar Pradesh,LALGANJ,SANGEETA AZAD,F,BSP,SC,1726680,960568,518820,55.63,54.01,16.82
484,484,2019,4,Uttar Pradesh,AZAMGARH,AKHILESH YADAV,M,SP,GEN,1770637,1029112,621578,58.12,60.4,25.25
485,485,2019,4,Uttar Pradesh,GHOSI,ATUL KUMAR SINGH,M,BSP,GEN,1954114,1140781,573829,58.38,50.3,10.74
486,486,2019,4,Uttar Pradesh,SALEMPUR,RAVINDER,M,BJP,GEN,1634333,921066,467241,56.36,50.73,12.21
487,487,2019,4,Uttar Pradesh,BALLIA,VIRENDRA SINGH,M,BJP,GEN,1792420,989732,469114,55.22,47.4,1.57
488,488,2019,4,Uttar Pradesh,JAUNPUR,SHYAM SINGH YADAV,M,BSP,GEN,1774986,1040652,521128,58.63,50.08,7.78
489,489,2019,4,Uttar Pradesh,MACHHLISHAHR,BHOLANATH (B.P. SAROJ),M,BJP,SC,1789566,1034925,488397,57.83,47.19,0.02
490,490,2019,4,Uttar Pradesh,GHAZIPUR,AFZAL ANSARI,M,BSP,GEN,1851875,1105627,566082,59.7,51.2,10.8
491,491,2019,4,Uttar Pradesh,CHANDAULI,DR. MAHENDRA NATH PANDEY,M,BJP,GEN,1719383,1084961,510733,63.1,47.07,1.29
492,492,2019,4,Uttar Pradesh,VARANASI,NARENDRA MODI,M,BJP,GEN,1796930,1060476,674664,59.02,63.62,45.22
493,493,2019,4,Uttar Pradesh,BHADOHI,RAMESH CHAND,M,BJP,GEN,1913592,1039390,510029,54.32,49.07,4.2
494,494,2019,4,Uttar Pradesh,MIRZAPUR,ANUPRIYA SINGH PATEL,F,ADS,GEN,1823860,1108965,591564,60.8,53.34,20.92
495,495,2019,4,Uttar Pradesh,ROBERTSGANJ,PAKAURI LAL KOL,M,ADS,SC,1692608,988287,447914,58.39,45.32,5.5
496,496,2019,4,Uttarakhand,TEHRI GARHWAL,MALA RAJYA LAXMI SHAH,F,BJP,GEN,1481214,876069,565333,59.15,64.53,34.31
497,497,2019,4,Uttarakhand,GARHWAL,TIRATH SINGH RAWAT,M,BJP,GEN,1321350,742784,506980,56.21,68.25,40.75
498,498,2019,4,Uttarakhand,ALMORA,AJAY TAMTA,M,BJP,SC,1309090,694472,444651,53.05,64.03,33.55
499,499,2019,4,Uttarakhand,NAINITAL-UDHAMSINGH NAGAR,AJAY BHATT,M,BJP,GEN,1818271,1258570,772195,69.22,61.35,26.94
500,500,2019,4,Uttarakhand,HARDWAR,RAMESH POKHRIYAL 'NISHANK',M,BJP,GEN,1835535,1271030,665674,69.25,52.37,20.36
501,501,2019,4,West Bengal,COOCH BEHAR,NISITH PRAMANIK,M,BJP,SC,1809598,1524683,731594,84.26,47.98,3.56
502,502,2019,4,West Bengal,ALIPURDUARS,JOHN BARLA,M,BJP,ST,1642285,1380217,750804,84.04,54.4,17.68
503,503,2019,4,West Bengal,JALPAIGURI,DR. JAYANTA KUMAR ROY,M,BJP,SC,1729829,1500922,760145,86.77,50.65,12.26
504,504,2019,4,West Bengal,DARJEELING,RAJU BISTA,M,BJP,GEN,1598863,1267270,750067,79.26,59.19,32.62
505,505,2019,4,West Bengal,RAIGANJ,DEBASREE CHAUDHURI,F,BJP,GEN,1595668,1277109,511652,80.04,40.06,4.74
506,506,2019,4,West Bengal,BALURGHAT,SUKANTA MAJUMDAR,M,BJP,GEN,1427567,1197849,539317,83.91,45.02,2.78
507,507,2019,4,West Bengal,MALDAHA UTTAR,KHAGEN MURMU,M,BJP,GEN,1681782,1354706,509524,80.55,37.61,6.22
508,508,2019,4,West Bengal,MALDAHA DAKSHIN,ABU HASEM KHAN CHOWDHURY (DALU),M,INC,GEN,1572125,1279202,444270,81.37,34.73,0.64
509,509,2019,4,West Bengal,JANGIPUR,KHALILUR RAHAMAN,M,AITC,GEN,1612775,1304504,562838,80.89,43.15,18.84
510,510,2019,4,West Bengal,BAHARAMPUR,ADHIR RANJAN CHOWDHURY,M,INC,GEN,1630510,1299997,591106,79.73,45.47,6.21
511,511,2019,4,West Bengal,MURSHIDABAD,ABU TAHER KHAN,M,AITC,GEN,1721932,1453755,604346,84.43,41.57,15.57
512,512,2019,4,West Bengal,KRISHNANAGAR,MAHUA MOITRA,F,AITC,GEN,1622495,1366443,614872,84.22,45,4.63
513,513,2019,4,West Bengal,RANAGHAT,JAGANNATH SARKAR,M,BJP,SC,1753812,1484035,783253,84.62,52.78,15.73
514,514,2019,4,West Bengal,BANGAON,SHANTANU THAKUR,M,BJP,SC,1697146,1407758,687622,82.95,48.85,7.93
515,515,2019,4,West Bengal,BARRACKPORE,ARJUN SINGH,M,BJP,GEN,1428897,1104517,472994,77.3,42.82,1.35
516,516,2019,4,West Bengal,DUM DUM,SOUGATA RAY,M,AITC,GEN,1556725,1204660,512062,77.38,42.51,4.4
517,517,2019,4,West Bengal,BARASAT,DR. KAKOLI GHOSHDASTIDAR,F,AITC,GEN,1710683,1394766,648084,81.53,46.47,7.89
518,518,2019,4,West Bengal,BASIRHAT,NUSRAT JAHAN RUHI,F,AITC,GEN,1675500,1433339,782078,85.55,54.56,24.44
519,519,2019,4,West Bengal,JOYNAGAR,PRATIMA MONDAL,F,AITC,SC,1645203,1356102,761202,82.43,56.13,23.36
520,520,2019,4,West Bengal,MATHURAPUR,CHOUDHURY MOHAN JATUA,M,AITC,SC,1649953,1401953,726828,84.97,51.84,14.55
521,521,2019,4,West Bengal,DIAMOND HARBOUR,ABHISHEK BANERJEE,M,AITC,GEN,1712612,1407987,790725,82.21,56.16,22.78
522,522,2019,4,West Bengal,JADAVPUR,MIMI CHAKRABORTY,F,AITC,GEN,1802234,1436894,688472,79.73,47.91,20.55
523,523,2019,4,West Bengal,KOLKATA DAKSHIN,MALA ROY,F,AITC,GEN,1719821,1206645,573119,70.16,47.5,12.86
524,524,2019,4,West Bengal,KOLKATA UTTAR,BANDYOPADHYAY SUDIP,M,AITC,GEN,1437912,950613,474891,66.11,49.96,13.37
525,525,2019,4,West Bengal,HOWRAH,PRASUN BANERJEE,M,AITC,GEN,1629133,1222293,576711,75.03,47.18,8.48
526,526,2019,4,West Bengal,ULUBERIA,SAJDA AHMED,F,AITC,GEN,1612276,1311099,694945,81.32,53,16.43
527,527,2019,4,West Bengal,SRERAMPUR,KALYAN BANERJEE,M,AITC,GEN,1780168,1401705,637707,78.74,45.5,7.03
528,528,2019,4,West Bengal,HOOGHLY,LOCKET CHATTERJEE,F,BJP,GEN,1762927,1457842,671448,82.69,46.06,5.03
529,529,2019,4,West Bengal,ARAMBAGH,APARUPA PODDAR (AFRIN ALI),F,AITC,SC,1761597,1471981,649929,83.56,44.15,0.08
530,530,2019,4,West Bengal,TAMLUK,ADHIKARI DIBYENDU,M,AITC,GEN,1690911,1446499,724433,85.55,50.08,13.15
531,531,2019,4,West Bengal,KANTHI,ADHIKARI SISIR,M,AITC,GEN,1655438,1424247,711872,86.03,49.98,7.84
532,532,2019,4,West Bengal,GHATAL,ADHIKARI DEEPAK (DEV),M,AITC,GEN,1796587,1488818,717959,82.87,48.22,7.25
533,533,2019,4,West Bengal,JHARGRAM,KUNAR HEMBRAM,M,BJP,ST,1637796,1406214,626583,85.86,44.56,0.84
534,534,2019,4,West Bengal,MEDINIPUR,DILIP GHOSH,M,BJP,GEN,1670180,1409815,685433,84.41,48.62,6.31
535,535,2019,4,West Bengal,PURULIA,JYOTIRMAY SINGH MAHATO,M,BJP,GEN,1641342,1355236,668107,82.57,49.3,15.11
536,536,2019,4,West Bengal,BANKURA,DR. SUBHAS SARKAR,M,BJP,GEN,1642594,1371855,675319,83.52,49.23,12.71
537,537,2019,4,West Bengal,BISHNUPUR,KHAN SAUMITRA,M,BJP,SC,1622116,1420648,657019,87.58,46.25,5.49
538,538,2019,4,West Bengal,BARDHAMAN PURBA,SUNIL KUMAR MONDAL,M,AITC,SC,1693148,1439286,640834,85.01,44.52,6.21
539,539,2019,4,West Bengal,BURDWAN - DURGAPUR,S.S AHLUWALIA,M,BJP,GEN,1726670,1433007,598376,82.99,41.76,0.17
540,540,2019,4,West Bengal,ASANSOL,BABUL SUPRIYO,M,BJP,GEN,1607206,1238135,633378,77.04,51.16,15.96
541,541,2019,4,West Bengal,BOLPUR,ASIT KUMAR MAL,M,AITC,SC,1700030,1461269,699171,85.96,47.85,7.28
542,542,2019,4,West Bengal,BIRBHUM,SATABDI ROY,F,AITC,GEN,1694822,1449423,654077,85.52,45.13,6.14
